573576,22467,GUMBALL COAT RACK,1,10/31/2011 14:09,4.96,14096,United Kingdom
573576,22469,HEART OF WICKER SMALL,1,10/31/2011 14:09,1.63,14096,United Kingdom
573576,22470,HEART OF WICKER LARGE,6,10/31/2011 14:09,5.79,14096,United Kingdom
573576,22489,PACK OF 12 TRADITIONAL CRAYONS,3,10/31/2011 14:09,0.83,14096,United Kingdom
573576,22494,EMERGENCY FIRST AID TIN ,3,10/31/2011 14:09,2.46,14096,United Kingdom
573576,22499,WOODEN UNION JACK BUNTING,3,10/31/2011 14:09,12.46,14096,United Kingdom
573576,22513,DOORSTOP FOOTBALL DESIGN,2,10/31/2011 14:09,7.46,14096,United Kingdom
573576,22540,MINI JIGSAW CIRCUS PARADE ,1,10/31/2011 14:09,0.83,14096,United Kingdom
573576,22546,MINI JIGSAW PURDEY,1,10/31/2011 14:09,0.83,14096,United Kingdom
573576,22547,MINI JIGSAW DINOSAUR ,1,10/31/2011 14:09,0.83,14096,United Kingdom
573576,22549,PICTURE DOMINOES,2,10/31/2011 14:09,3.29,14096,United Kingdom
573576,22557,PLASTERS IN TIN VINTAGE PAISLEY ,2,10/31/2011 14:09,3.29,14096,United Kingdom
573576,22558,CLOTHES PEGS RETROSPOT PACK 24 ,1,10/31/2011 14:09,3.29,14096,United Kingdom
573576,22560,TRADITIONAL MODELLING CLAY,1,10/31/2011 14:09,2.46,14096,United Kingdom
573576,22561,WOODEN SCHOOL COLOURING SET,1,10/31/2011 14:09,3.29,14096,United Kingdom
573576,22563,HAPPY STENCIL CRAFT,1,10/31/2011 14:09,2.46,14096,United Kingdom
573576,22565,FELTCRAFT HAIRBANDS PINK AND WHITE ,1,10/31/2011 14:09,1.63,14096,United Kingdom
573576,22573,STAR WOODEN CHRISTMAS DECORATION,3,10/31/2011 14:09,1.63,14096,United Kingdom
573576,22574,HEART WOODEN CHRISTMAS DECORATION,1,10/31/2011 14:09,1.63,14096,United Kingdom
573576,22576,SWALLOW WOODEN CHRISTMAS DECORATION,2,10/31/2011 14:09,1.63,14096,United Kingdom
573576,22577,WOODEN HEART CHRISTMAS SCANDINAVIAN,7,10/31/2011 14:09,1.63,14096,United Kingdom
573576,22578,WOODEN STAR CHRISTMAS SCANDINAVIAN,3,10/31/2011 14:09,1.63,14096,United Kingdom
573576,22579,WOODEN TREE CHRISTMAS SCANDINAVIAN,5,10/31/2011 14:09,1.63,14096,United Kingdom
573576,22581,WOOD STOCKING CHRISTMAS SCANDISPOT,3,10/31/2011 14:09,1.63,14096,United Kingdom
573576,22589,CARDHOLDER GINGHAM STAR,2,10/31/2011 14:09,4.96,14096,United Kingdom
573576,22591,CARDHOLDER GINGHAM CHRISTMAS TREE,1,10/31/2011 14:09,6.63,14096,United Kingdom
573576,22592,CARDHOLDER HOLLY WREATH METAL,1,10/31/2011 14:09,7.46,14096,United Kingdom
573576,22593,CHRISTMAS GINGHAM STAR,6,10/31/2011 14:09,1.63,14096,United Kingdom
573576,22594,CHRISTMAS GINGHAM TREE,8,10/31/2011 14:09,1.63,14096,United Kingdom
573576,22595,GINGHAM HEART DECORATION,1,10/31/2011 14:09,1.63,14096,United Kingdom
573576,22596,CHRISTMAS STAR WISH LIST CHALKBOARD,10,10/31/2011 14:09,2.46,14096,United Kingdom
573576,22599,CHRISTMAS MUSICAL ZINC STAR,1,10/31/2011 14:09,1.63,14096,United Kingdom
573576,22600,CHRISTMAS RETROSPOT STAR WOOD,3,10/31/2011 14:09,1.63,14096,United Kingdom
573576,22601,CHRISTMAS RETROSPOT ANGEL WOOD,2,10/31/2011 14:09,1.63,14096,United Kingdom
573576,22603,CHRISTMAS RETROSPOT TREE WOOD,1,10/31/2011 14:09,1.63,14096,United Kingdom
573576,22607,WOODEN ROUNDERS GARDEN SET ,1,10/31/2011 14:09,16.63,14096,United Kingdom
573576,22614,PACK OF 12 SPACEBOY TISSUES,1,10/31/2011 14:09,0.83,14096,United Kingdom
573576,22616,PACK OF 12 LONDON TISSUES ,1,10/31/2011 14:09,0.83,14096,United Kingdom
573576,22617,BAKING SET SPACEBOY DESIGN,1,10/31/2011 14:09,10.79,14096,United Kingdom
573576,22619,SET OF 6 SOLDIER SKITTLES,4,10/31/2011 14:09,7.46,14096,United Kingdom
573576,22620,4 TRADITIONAL SPINNING TOPS,5,10/31/2011 14:09,2.46,14096,United Kingdom
573576,22621,TRADITIONAL KNITTING NANCY,1,10/31/2011 14:09,3.29,14096,United Kingdom
573576,22624,IVORY KITCHEN SCALES,1,10/31/2011 14:09,16.63,14096,United Kingdom
573576,22625,RED KITCHEN SCALES,1,10/31/2011 14:09,16.63,14096,United Kingdom
573576,22630,DOLLY GIRL LUNCH BOX,1,10/31/2011 14:09,4.13,14096,United Kingdom
573576,22637,PIGGY BANK RETROSPOT ,2,10/31/2011 14:09,4.96,14096,United Kingdom
573576,22644,CERAMIC CHERRY CAKE MONEY BANK,1,10/31/2011 14:09,3.29,14096,United Kingdom
573576,22645,CERAMIC HEART FAIRY CAKE MONEY BANK,5,10/31/2011 14:09,3.29,14096,United Kingdom
573576,22651,GENTLEMAN SHIRT REPAIR KIT ,1,10/31/2011 14:09,1.63,14096,United Kingdom
573576,22653,BUTTON BOX ,2,10/31/2011 14:09,1.63,14096,United Kingdom
